Image,Algorithm,k,Silhouette,CHI
kotek-0.png,K-Means,5,0.3307001807747502,5137.53829035733
kotek-0.png,K-Means,10,0.2883168937165432,4621.784582681325
kotek-0.png,K-Means,20,0.274826852720983,4034.3918154476282
kotek-0.png,K-Medoids,5,0.28752169375137715,4592.585868230301
kotek-0.png,K-Medoids,10,0.26123186234489987,3863.0159315054857
kotek-0.png,K-Medoids,20,0.22838146278470095,3324.3082980955537
kotek-1.png,K-Means,5,0.356328344974742,7906.195234831239
kotek-1.png,K-Means,10,0.32166186345475356,6621.622333244927
kotek-1.png,K-Means,20,0.2838244565050658,5599.117622575022
kotek-1.png,K-Medoids,5,0.3093724087358306,5881.463263066548
kotek-1.png,K-Medoids,10,0.23977478830149238,4687.449478510819
kotek-1.png,K-Medoids,20,0.23252037054494323,4286.5961329721085
kotek-10.png,K-Means,5,0.46022582861999217,13252.814988703958
kotek-10.png,K-Means,10,0.31437913076755014,11109.643051473298
kotek-10.png,K-Means,20,0.3124382238737417,10973.958225394805
kotek-10.png,K-Medoids,5,0.3847455322652159,11758.053941937018
kotek-10.png,K-Medoids,10,0.2634283768596525,8229.275479862894
kotek-10.png,K-Medoids,20,0.21950171536084445,7680.866411567596
kotek-11.png,K-Means,5,0.4232360440497628,10344.194659429859
kotek-11.png,K-Means,10,0.39327857445338366,8946.750257876003
kotek-11.png,K-Means,20,0.362092754672105,8696.124535609339
kotek-11.png,K-Medoids,5,0.3945276171697157,8069.988164565482
kotek-11.png,K-Medoids,10,0.35723488765524436,8661.107491968145
kotek-11.png,K-Medoids,20,0.2813764916590167,7029.775228126197
kotek-12.png,K-Means,5,0.3168850108057256,4986.00182244415
kotek-12.png,K-Means,10,0.36974407444745905,6898.020452983001
kotek-12.png,K-Means,20,0.3381330975711112,6599.24862317974
kotek-12.png,K-Medoids,5,0.3114179231038346,5080.375156990792
kotek-12.png,K-Medoids,10,0.3215162786988315,5515.6592345697845
kotek-12.png,K-Medoids,20,0.2798188166333208,4489.794123301613
kotek-13.png,K-Means,5,0.4208556934266265,6349.998382996194
kotek-13.png,K-Means,10,0.35396817532881586,6564.047210530128
kotek-13.png,K-Means,20,0.2998628289797192,5629.8656273385295
kotek-13.png,K-Medoids,5,0.3451060606773496,5228.877103246181
kotek-13.png,K-Medoids,10,0.29759539581828165,4749.408023563487
kotek-13.png,K-Medoids,20,0.2585873743854147,4784.104444049109
kotek-14.png,K-Means,5,0.4147097091018342,9529.2868534443
kotek-14.png,K-Means,10,0.34015596254201064,7819.80190509063
kotek-14.png,K-Means,20,0.3135722822237353,6463.305437859619
kotek-14.png,K-Medoids,5,0.38699543880611703,8389.384515051759
kotek-14.png,K-Medoids,10,0.32098129286426136,6778.0460812195915
kotek-14.png,K-Medoids,20,0.2537296834616637,5364.6077904085005
kotek-15.png,K-Means,5,0.3392892132691723,6754.321372816879
kotek-15.png,K-Means,10,0.31201103013570125,5920.238308828407
kotek-15.png,K-Means,20,0.2911673646844525,5531.6604343946365
kotek-15.png,K-Medoids,5,0.2545166525203485,4378.528099132417
kotek-15.png,K-Medoids,10,0.2576774314128049,4526.310927563126
kotek-15.png,K-Medoids,20,0.2292190366306201,4113.086984409416
kotek-16.png,K-Means,5,0.3739805623312354,7371.7076872353355
kotek-16.png,K-Means,10,0.3490531575356902,7430.352342500216
kotek-16.png,K-Means,20,0.3222151740518021,6966.100297983949
kotek-16.png,K-Medoids,5,0.34305536600998826,6757.083238414636
kotek-16.png,K-Medoids,10,0.30484778762257453,5986.767472706644
kotek-16.png,K-Medoids,20,0.2656257980806121,5317.871349613194
kotek-17.png,K-Means,5,0.2807239694866886,4254.9911517297805
kotek-17.png,K-Means,10,0.27205358652504075,3790.514309821831
kotek-17.png,K-Means,20,0.25631123132485567,3270.525618783986
kotek-17.png,K-Medoids,5,0.2377755549814553,3471.596811956491
kotek-17.png,K-Medoids,10,0.25250865949818335,3285.159183757718
kotek-17.png,K-Medoids,20,0.2166860659135986,2643.036333648081
kotek-18.png,K-Means,5,0.3125529649853528,4921.323886877052
kotek-18.png,K-Means,10,0.3079532330860621,4601.488585651134
kotek-18.png,K-Means,20,0.2897678156324718,4333.347045504301
kotek-18.png,K-Medoids,5,0.27166716384378675,3625.2798472915165
kotek-18.png,K-Medoids,10,0.24541632507640002,3141.3759885139707
kotek-18.png,K-Medoids,20,0.2316081478319564,3227.3953809086674
kotek-19.png,K-Means,5,0.3174913656325475,6398.485580418194
kotek-19.png,K-Means,10,0.2667310529212811,5002.71815837164
kotek-19.png,K-Means,20,0.26816631762521703,4632.9447445984315
kotek-19.png,K-Medoids,5,0.2506299711430007,4612.035821187548
kotek-19.png,K-Medoids,10,0.19063656331548523,3388.3755521907806
kotek-19.png,K-Medoids,20,0.2142579085311147,3518.059941585628
kotek-2.png,K-Means,5,0.41414259595252984,6581.103662610518
kotek-2.png,K-Means,10,0.36026585775092135,6770.098111378585
kotek-2.png,K-Means,20,0.3317128398718689,6357.142662292908
kotek-2.png,K-Medoids,5,0.3615889738859865,4645.4747323161455
kotek-2.png,K-Medoids,10,0.2829219943946929,4939.42190651035
kotek-2.png,K-Medoids,20,0.26840662765851153,4300.836893771948
kotek-20.png,K-Means,5,0.33766562417869844,7399.707907565086
kotek-20.png,K-Means,10,0.31035449393524644,6521.068605636608
kotek-20.png,K-Means,20,0.28592998894852284,5818.750081950849
kotek-20.png,K-Medoids,5,0.32009019807140304,6783.772543915252
kotek-20.png,K-Medoids,10,0.2651032036609944,5457.78271279162
kotek-20.png,K-Medoids,20,0.2284930275917166,4419.76674141663
kotek-21.png,K-Means,5,0.31052069972761187,6980.862548324224
kotek-21.png,K-Means,10,0.30073770700931174,6050.47585054461
kotek-21.png,K-Means,20,0.2799670065783362,5534.077390313301
kotek-21.png,K-Medoids,5,0.3205411087710367,6431.776538151354
kotek-21.png,K-Medoids,10,0.2748626657640042,5288.931165224687
kotek-21.png,K-Medoids,20,0.23118766469265317,4117.506897198546
kotek-22.png,K-Means,5,0.4360570635504303,10347.451864179866
kotek-22.png,K-Means,10,0.3557509634642799,9512.695096055297
kotek-22.png,K-Means,20,0.3330433462398853,8264.39167771461
kotek-22.png,K-Medoids,5,0.3632590448243461,7550.777893807104
kotek-22.png,K-Medoids,10,0.3290148634470329,8481.411627942094
kotek-22.png,K-Medoids,20,0.294679410071934,7326.951364717039
kotek-23.png,K-Means,5,0.46812727579492897,8518.621035447366
kotek-23.png,K-Means,10,0.41776580568420413,8606.962936735348
kotek-23.png,K-Means,20,0.3914575326233249,8831.788105329248
kotek-23.png,K-Medoids,5,0.4471742652017527,8410.779303676172
kotek-23.png,K-Medoids,10,0.37743932357742593,7060.274675653107
kotek-23.png,K-Medoids,20,0.31530743985979465,6133.024984831241
kotek-24.png,K-Means,5,0.3602715442554079,7099.323236859169
kotek-24.png,K-Means,10,0.31983944630357397,7043.752135651581
kotek-24.png,K-Means,20,0.28755269303254355,6453.551938342302
kotek-24.png,K-Medoids,5,0.31886867554469567,6381.043470225466
kotek-24.png,K-Medoids,10,0.30145375872323416,6087.058500864559
kotek-24.png,K-Medoids,20,0.25777604528397974,5050.36285120631
kotek-25.png,K-Means,5,0.3787596508047916,10401.888920418418
kotek-25.png,K-Means,10,0.3525403517647948,8611.331437362813
kotek-25.png,K-Means,20,0.32097284336312865,7607.380849365171
kotek-25.png,K-Medoids,5,0.33537412927605975,9705.625037031718
kotek-25.png,K-Medoids,10,0.2744106265784715,6548.989095779787
kotek-25.png,K-Medoids,20,0.2530018979640785,4979.44280291614
kotek-26.png,K-Means,5,0.3508182217985339,9199.38799109324
kotek-26.png,K-Means,10,0.3115293907259737,8167.504316454799
kotek-26.png,K-Means,20,0.2852331800785016,7016.525304813554
kotek-26.png,K-Medoids,5,0.288760556619427,7562.492825806416
kotek-26.png,K-Medoids,10,0.2604277725330761,5621.986308876201
kotek-26.png,K-Medoids,20,0.23223340866692804,5142.779648708189
kotek-27.png,K-Means,5,0.31449516662077087,6787.27584480657
kotek-27.png,K-Means,10,0.27985461493544483,5371.785002066179
kotek-27.png,K-Means,20,0.24955506591144633,4396.90214008554
kotek-27.png,K-Medoids,5,0.29573097410087373,6438.148577893673
kotek-27.png,K-Medoids,10,0.23126025413182397,4642.270466059358
kotek-27.png,K-Medoids,20,0.202147317837518,3484.1309270714155
kotek-28.png,K-Means,5,0.39529876430537586,20663.38781588302
kotek-28.png,K-Means,10,0.36178801347528805,17209.22798433118
kotek-28.png,K-Means,20,0.3046805062348116,13521.318690060221
kotek-28.png,K-Medoids,5,0.2940268326804491,7421.358826197835
kotek-28.png,K-Medoids,10,0.3114221266043356,15603.223031795686
kotek-28.png,K-Medoids,20,0.25674114239212537,11137.30253498364
kotek-29.png,K-Means,5,0.5191988870673301,15680.944983344443
kotek-29.png,K-Means,10,0.3720583696508969,13100.8494260162
kotek-29.png,K-Means,20,0.32170146548273665,9737.833673817582
kotek-29.png,K-Medoids,5,0.28162048100061104,4657.428178998412
kotek-29.png,K-Medoids,10,0.2993271081902057,7791.873178677825
kotek-29.png,K-Medoids,20,0.29101024860274166,9052.405950953786
kotek-3.png,K-Means,5,0.3553708775747822,5970.631375044501
kotek-3.png,K-Means,10,0.3377236316218759,5931.460481599845
kotek-3.png,K-Means,20,0.3001556289690807,5706.8316614725745
kotek-3.png,K-Medoids,5,0.32014583540015973,5805.418947434718
kotek-3.png,K-Medoids,10,0.24415221496553513,4388.459466683818
kotek-3.png,K-Medoids,20,0.20680782403623993,3340.269489739642
kotek-30.png,K-Means,5,0.4978610349976572,20527.871307216403
kotek-30.png,K-Means,10,0.38858419205973505,16557.559238500366
kotek-30.png,K-Means,20,0.3127774166492679,15453.50547171372
kotek-30.png,K-Medoids,5,0.4972115902834517,19852.042550874816
kotek-30.png,K-Medoids,10,0.37539144114768225,16662.31246331853
kotek-30.png,K-Medoids,20,0.2681349001416602,12722.539215416018
kotek-31.png,K-Means,5,0.4374664312976371,12569.482916247376
kotek-31.png,K-Means,10,0.312892000432866,11565.888069386265
kotek-31.png,K-Means,20,0.2882374956973327,9121.523736828522
kotek-31.png,K-Medoids,5,0.2725275613080607,4652.4515158117665
kotek-31.png,K-Medoids,10,0.21031776075895814,4129.784818756078
kotek-31.png,K-Medoids,20,0.23947842484555912,7515.022672707166
kotek-32.png,K-Means,5,0.32677413925626786,8214.887435141018
kotek-32.png,K-Means,10,0.2678490881001485,6444.93765810978
kotek-32.png,K-Means,20,0.24722030548207669,5215.708222244146
kotek-32.png,K-Medoids,5,0.28711868445458666,7013.570264915618
kotek-32.png,K-Medoids,10,0.23719119525214566,5662.154268455375
kotek-32.png,K-Medoids,20,0.19649709202287916,3821.2690084461465
kotek-33.png,K-Means,5,0.48338534602340505,11217.154185667454
kotek-33.png,K-Means,10,0.41034671656151306,10082.366464114437
kotek-33.png,K-Means,20,0.32329781949573866,9014.340241568212
kotek-33.png,K-Medoids,5,0.43764503381398423,10447.698743930609
kotek-33.png,K-Medoids,10,0.33208060606759504,7675.83396899135
kotek-33.png,K-Medoids,20,0.25295431298533066,6050.880192596574
kotek-34.png,K-Means,5,0.44502356697278056,8854.971756308207
kotek-34.png,K-Means,10,0.3432851004181157,9171.844947208043
kotek-34.png,K-Means,20,0.30408507035670096,9046.513907373364
kotek-34.png,K-Medoids,5,0.27003316522199944,5446.530287547854
kotek-34.png,K-Medoids,10,0.24459714369276292,4567.107944158456
kotek-34.png,K-Medoids,20,0.27313034919183876,6654.839853291026
kotek-35.png,K-Means,5,0.3282532442938768,4545.748668120698
kotek-35.png,K-Means,10,0.281256778115346,4440.703750374395
kotek-35.png,K-Means,20,0.27765008933128227,4055.058909891896
kotek-35.png,K-Medoids,5,0.27525996302113476,4044.852320695968
kotek-35.png,K-Medoids,10,0.22568993329924636,3151.0839537057823
kotek-35.png,K-Medoids,20,0.19846115056391453,2672.803780127513
kotek-36.png,K-Means,5,0.34460871231915,15779.643514823623
kotek-36.png,K-Means,10,0.3393238555600663,12647.690735151495
kotek-36.png,K-Means,20,0.3071714930595497,10770.349714374246
kotek-36.png,K-Medoids,5,0.28626280604634585,9966.615708993479
kotek-36.png,K-Medoids,10,0.269132012125762,9411.474859459924
kotek-36.png,K-Medoids,20,0.23184979625269125,8858.527290440512
kotek-37.png,K-Means,5,0.3789003732897057,9007.028339893825
kotek-37.png,K-Means,10,0.32926616403264586,7532.088164117728
kotek-37.png,K-Means,20,0.3193775740721884,6830.033433511557
kotek-37.png,K-Medoids,5,0.3375016534867368,7514.973910460991
kotek-37.png,K-Medoids,10,0.2968584875924119,6573.201009746437
kotek-37.png,K-Medoids,20,0.23590930307304164,5039.032747479059
kotek-38.png,K-Means,5,0.3720025436452476,6920.71488143972
kotek-38.png,K-Means,10,0.325213050888146,6619.71081795411
kotek-38.png,K-Means,20,0.2941371265408025,6187.736316975201
kotek-38.png,K-Medoids,5,0.3277071487013784,5482.146820087726
kotek-38.png,K-Medoids,10,0.2772609181395911,5050.753401411903
kotek-38.png,K-Medoids,20,0.24833415074442017,4874.6377118232995
kotek-39.png,K-Means,5,0.3957738876316161,5640.606093442693
kotek-39.png,K-Means,10,0.36897061726306274,6017.653248482201
kotek-39.png,K-Means,20,0.323413761858607,5065.513620696526
kotek-39.png,K-Medoids,5,0.30164775654956194,4052.732767888384
kotek-39.png,K-Medoids,10,0.2814256520851727,3602.666896706687
kotek-39.png,K-Medoids,20,0.25821799115711636,3483.152326310405
kotek-4.png,K-Means,5,0.38184681960408545,8684.930692187036
kotek-4.png,K-Means,10,0.33520296920500753,7872.031587689463
kotek-4.png,K-Means,20,0.3061906388247151,7531.079338076752
kotek-4.png,K-Medoids,5,0.3385473132588462,7425.275512431399
kotek-4.png,K-Medoids,10,0.30534647337572185,7468.4727606506185
kotek-4.png,K-Medoids,20,0.2667356387840802,6500.451515796168
kotek-40.png,K-Means,5,0.37920405011750946,14346.284679627188
kotek-40.png,K-Means,10,0.3185909500512592,9909.312277384484
kotek-40.png,K-Means,20,0.30174997050513264,11125.41411308061
kotek-40.png,K-Medoids,5,0.3661749874603638,13800.141259675507
kotek-40.png,K-Medoids,10,0.2951932164374835,9619.415446579596
kotek-40.png,K-Medoids,20,0.24967092938142557,8016.423687553756
kotek-41.png,K-Means,5,0.4871402390849142,16180.383470323408
kotek-41.png,K-Means,10,0.39814400000579436,14935.293483404113
kotek-41.png,K-Means,20,0.3314228858879708,12804.201976114355
kotek-41.png,K-Medoids,5,0.46302607582629,15547.053967380145
kotek-41.png,K-Medoids,10,0.3891545999310609,12416.535316099706
kotek-41.png,K-Medoids,20,0.29081363056610343,10253.425920117566
kotek-42.png,K-Means,5,0.38925865992421593,5012.117720357061
kotek-42.png,K-Means,10,0.31842166179089243,4669.931708290924
kotek-42.png,K-Means,20,0.28847497271586253,3988.523431631043
kotek-42.png,K-Medoids,5,0.3339460295996936,4757.425540745424
kotek-42.png,K-Medoids,10,0.24128885970790806,3748.907090100918
kotek-42.png,K-Medoids,20,0.23405507648339463,3196.76225170821
kotek-43.png,K-Means,5,0.39863514236020203,14489.533499410061
kotek-43.png,K-Means,10,0.3264439332487988,13140.488807348685
kotek-43.png,K-Means,20,0.2875090944064125,10416.955108689872
kotek-43.png,K-Medoids,5,0.30342525092792855,12035.09638988113
kotek-43.png,K-Medoids,10,0.2758514734766355,10761.021723073227
kotek-43.png,K-Medoids,20,0.2345023460565936,8780.661422434883
kotek-44.png,K-Means,5,0.4677526306120713,24344.35014611172
kotek-44.png,K-Means,10,0.32803462315255044,22324.106392729744
kotek-44.png,K-Means,20,0.3019163765277054,18420.268291340766
kotek-44.png,K-Medoids,5,0.34622302965224083,16396.538422457368
kotek-44.png,K-Medoids,10,0.28468646652555385,15450.035020617748
kotek-44.png,K-Medoids,20,0.25575660151183055,14843.864873057562
kotek-45.png,K-Means,5,0.2868268704684712,4332.158374431458
kotek-45.png,K-Means,10,0.2945495524628111,4446.459580600369
kotek-45.png,K-Means,20,0.2735439554003424,3933.997047653472
kotek-45.png,K-Medoids,5,0.1904950858261584,2366.994758926252
kotek-45.png,K-Medoids,10,0.2174528203187242,2681.416262655362
kotek-45.png,K-Medoids,20,0.2081601675227091,2416.035798839708
kotek-46.png,K-Means,5,0.3990814185036827,9547.763110801578
kotek-46.png,K-Means,10,0.3446387921852671,8380.298554976463
kotek-46.png,K-Means,20,0.32977529709441944,8212.864853930125
kotek-46.png,K-Medoids,5,0.34405976303359037,8307.427047616246
kotek-46.png,K-Medoids,10,0.307509362064511,6947.3672890342295
kotek-46.png,K-Medoids,20,0.2935007183620888,6160.4773872029355
kotek-47.png,K-Means,5,0.36255521911851724,7071.4347999158945
kotek-47.png,K-Means,10,0.3309727909187302,5956.098132473851
kotek-47.png,K-Means,20,0.30538324619162777,5170.611953801433
kotek-47.png,K-Medoids,5,0.3355929893224919,6324.981966743032
kotek-47.png,K-Medoids,10,0.30002631214929804,5427.994231215473
kotek-47.png,K-Medoids,20,0.24702835919015548,4142.78539872659
kotek-48.png,K-Means,5,0.3543659480196072,5894.664201490234
kotek-48.png,K-Means,10,0.378971675425227,6550.222886539987
kotek-48.png,K-Means,20,0.3363402210313501,6340.4340660937205
kotek-48.png,K-Medoids,5,0.298903103871229,4489.256191331113
kotek-48.png,K-Medoids,10,0.29576150343783114,4379.547714871682
kotek-48.png,K-Medoids,20,0.2823685589751963,4489.406322206225
kotek-49.png,K-Means,5,0.38434250327083597,6903.862879414989
kotek-49.png,K-Means,10,0.36128159213070443,7454.869829021288
kotek-49.png,K-Means,20,0.3197327813061601,6957.046598231997
kotek-49.png,K-Medoids,5,0.31558848847766563,6266.830944498441
kotek-49.png,K-Medoids,10,0.24591440703220524,4509.336825436549
kotek-49.png,K-Medoids,20,0.2530144050462412,4367.820537672879
kotek-5.png,K-Means,5,0.4677847515382741,10760.063425827446
kotek-5.png,K-Means,10,0.38817404598034777,9576.779980804688
kotek-5.png,K-Means,20,0.3231981710039533,7634.477712549071
kotek-5.png,K-Medoids,5,0.3472529744321443,6400.487813246221
kotek-5.png,K-Medoids,10,0.32577014532829446,8176.4280989670715
kotek-5.png,K-Medoids,20,0.24009730264979026,6533.411041005197
kotek-50.png,K-Means,5,0.43532616744155483,8949.477426858017
kotek-50.png,K-Means,10,0.3555748649037725,8808.726094809772
kotek-50.png,K-Means,20,0.3228834127277881,7562.412795964122
kotek-50.png,K-Medoids,5,0.35939038588761185,6878.693981912152
kotek-50.png,K-Medoids,10,0.32379098913737936,7387.6986691409475
kotek-50.png,K-Medoids,20,0.27648567110860545,6359.621337330497
kotek-51.png,K-Means,5,0.31635026016045564,5935.006695066249
kotek-51.png,K-Means,10,0.3043873334122031,6766.546585107816
kotek-51.png,K-Means,20,0.3174108473694689,6026.680955554892
kotek-51.png,K-Medoids,5,0.287980182844073,4605.92979027265
kotek-51.png,K-Medoids,10,0.25206027342206483,3703.4138804154886
kotek-51.png,K-Medoids,20,0.2196543976643967,3053.8870317325673
kotek-52.png,K-Means,5,0.40157397042608023,14994.813942833183
kotek-52.png,K-Means,10,0.3492389614063013,13789.197775154393
kotek-52.png,K-Means,20,0.3063671893041481,12191.114649835257
kotek-52.png,K-Medoids,5,0.3941176220973356,15559.37859598544
kotek-52.png,K-Medoids,10,0.30697102337112464,13219.512633640654
kotek-52.png,K-Medoids,20,0.24856370250026316,10760.716870910543
kotek-53.png,K-Means,5,0.39530473489323137,7340.193244752116
kotek-53.png,K-Means,10,0.3661201847439296,7004.5653519831885
kotek-53.png,K-Means,20,0.32026256066202713,6509.174530475861
kotek-53.png,K-Medoids,5,0.34429135521635035,5323.758239491449
kotek-53.png,K-Medoids,10,0.33378363803229316,6052.416858359798
kotek-53.png,K-Medoids,20,0.2807490813782727,4794.182153111453
kotek-54.png,K-Means,5,0.38258889716759137,9554.672204979508
kotek-54.png,K-Means,10,0.3811191651852656,12983.762659077387
kotek-54.png,K-Means,20,0.3450363566008891,12991.195395226085
kotek-54.png,K-Medoids,5,0.34156879880470836,8295.235060899846
kotek-54.png,K-Medoids,10,0.3305737935209364,8130.807719981041
kotek-54.png,K-Medoids,20,0.2929738362633653,8268.096243001735
kotek-6.png,K-Means,5,0.3817053066654563,16899.787852090703
kotek-6.png,K-Means,10,0.33061910778981896,14540.024485693637
kotek-6.png,K-Means,20,0.3008218416188448,11905.927573051235
kotek-6.png,K-Medoids,5,0.40233628030349616,15124.503676012868
kotek-6.png,K-Medoids,10,0.31045927225549697,12755.437723906985
kotek-6.png,K-Medoids,20,0.2590576216871402,10459.721248558486
kotek-7.png,K-Means,5,0.37661124602814944,8202.362920291791
kotek-7.png,K-Means,10,0.3206422763256289,7626.083959785884
kotek-7.png,K-Means,20,0.2863411030217415,6574.240915937099
kotek-7.png,K-Medoids,5,0.2869409403346263,5934.596504756543
kotek-7.png,K-Medoids,10,0.2801879585873059,6629.530502148703
kotek-7.png,K-Medoids,20,0.23806066661437617,5280.010959754238
kotek-8.png,K-Means,5,0.48688407854501126,11161.64962183976
kotek-8.png,K-Means,10,0.3975304359137716,9815.490401524428
kotek-8.png,K-Means,20,0.34565608237726064,8864.659897238598
kotek-8.png,K-Medoids,5,0.42801014324616987,9419.515826863751
kotek-8.png,K-Medoids,10,0.3462547546186278,7994.282417217275
kotek-8.png,K-Medoids,20,0.30214533437486957,7188.521191361413
kotek-9.png,K-Means,5,0.3892831089105595,8027.325583895179
kotek-9.png,K-Means,10,0.3899508461945477,9788.359847686077
kotek-9.png,K-Means,20,0.36632524549812906,8707.633196183611
kotek-9.png,K-Medoids,5,0.32932009095247733,6150.397699327197
kotek-9.png,K-Medoids,10,0.3659716921288427,8030.306463630911
kotek-9.png,K-Medoids,20,0.32788087399023036,7145.325767068731
kwiatek-0.png,K-Means,5,0.3946694420389839,13945.854653799917
kwiatek-0.png,K-Means,10,0.3555244908019054,12961.929677384736
kwiatek-0.png,K-Means,20,0.30215436634863096,11174.714200349941
kwiatek-0.png,K-Medoids,5,0.35129992606507043,11758.984338484179
kwiatek-0.png,K-Medoids,10,0.32865676809428024,10636.561302786042
kwiatek-0.png,K-Medoids,20,0.260880909337508,8446.16405330421
kwiatek-1.png,K-Means,5,0.444516576183541,18876.869714214117
kwiatek-1.png,K-Means,10,0.38075790993263325,16345.378347825326
kwiatek-1.png,K-Means,20,0.33245761041039834,15142.240820681627
kwiatek-1.png,K-Medoids,5,0.39342798510283766,16534.798925666662
kwiatek-1.png,K-Medoids,10,0.34079743899403814,14936.032727384008
kwiatek-1.png,K-Medoids,20,0.27644790966395527,12280.460062072525
kwiatek-10.png,K-Means,5,0.3901158196269434,9510.84798059956
kwiatek-10.png,K-Means,10,0.3999997528533076,8493.40071521165
kwiatek-10.png,K-Means,20,0.3808785744360413,9440.389598622267
kwiatek-10.png,K-Medoids,5,0.3761483229598789,8169.235846331804
kwiatek-10.png,K-Medoids,10,0.3535384142018195,7890.723107438733
kwiatek-10.png,K-Medoids,20,0.3273292009715413,7475.727750829527
kwiatek-11.png,K-Means,5,0.4123730999715298,7210.902622134095
kwiatek-11.png,K-Means,10,0.47344112863226445,8145.700335665749
kwiatek-11.png,K-Means,20,0.41689709981497813,8052.9743705851815
kwiatek-11.png,K-Medoids,5,0.3324474572450297,4427.536050496247
kwiatek-11.png,K-Medoids,10,0.36596923675964127,4825.950072852711
kwiatek-11.png,K-Medoids,20,0.36416609321181653,5666.7605677877655
kwiatek-12.png,K-Means,5,0.49100499346686866,16318.457854439479
kwiatek-12.png,K-Means,10,0.3646164443851772,18227.144404750834
kwiatek-12.png,K-Means,20,0.32472375905757855,15355.735148981747
kwiatek-12.png,K-Medoids,5,0.453526058199167,16347.729418371828
kwiatek-12.png,K-Medoids,10,0.3525558732050157,15394.528664435638
kwiatek-12.png,K-Medoids,20,0.28155096095027643,11325.183130499398
kwiatek-13.png,K-Means,5,0.5126268912051188,12575.400954225257
kwiatek-13.png,K-Means,10,0.4656750199359528,14925.110430172057
kwiatek-13.png,K-Means,20,0.4339756378136747,13195.346616120112
kwiatek-13.png,K-Medoids,5,0.4960730120297069,11318.792054004643
kwiatek-13.png,K-Medoids,10,0.3846999842336129,10002.991609912526
kwiatek-13.png,K-Medoids,20,0.361881669180273,9933.484851354046
kwiatek-14.png,K-Means,5,0.5170700028790612,16134.870758847654
kwiatek-14.png,K-Means,10,0.5016526819175274,22163.0590041845
kwiatek-14.png,K-Means,20,0.4345908406527241,19280.278538426843
kwiatek-14.png,K-Medoids,5,0.47859748318354783,15400.02739823059
kwiatek-14.png,K-Medoids,10,0.46673601045108415,19009.673425297646
kwiatek-14.png,K-Medoids,20,0.37116525570000525,16498.32029781177
kwiatek-15.png,K-Means,5,0.38548942506481804,7083.147819659964
kwiatek-15.png,K-Means,10,0.3862650635080742,7013.199197909475
kwiatek-15.png,K-Means,20,0.3942295833247992,7636.566752447541
kwiatek-15.png,K-Medoids,5,0.3265197045694791,5729.09673200864
kwiatek-15.png,K-Medoids,10,0.2921336659252206,5146.6908921961485
kwiatek-15.png,K-Medoids,20,0.33510355437464207,6000.260165048094
kwiatek-16.png,K-Means,5,0.6203396666344932,20464.847707586217
kwiatek-16.png,K-Means,10,0.5151141698466005,21992.13192638239
kwiatek-16.png,K-Means,20,0.46733143892992873,26372.899034092727
kwiatek-16.png,K-Medoids,5,0.5571813411350044,17026.01701190527
kwiatek-16.png,K-Medoids,10,0.4544716431039584,15581.053144164733
kwiatek-16.png,K-Medoids,20,0.3963680851742899,15829.64695846724
kwiatek-17.png,K-Means,5,0.49874585331329674,22723.018031572206
kwiatek-17.png,K-Means,10,0.37902674843326933,20155.853514637187
kwiatek-17.png,K-Means,20,0.36422782537568843,16629.88467215858
kwiatek-17.png,K-Medoids,5,0.44273705879463093,10205.511779191538
kwiatek-17.png,K-Medoids,10,0.32562552933657274,17088.208803756843
kwiatek-17.png,K-Medoids,20,0.2504004306481917,13804.303542695416
kwiatek-18.png,K-Means,5,0.4739322862480952,11036.476362493759
kwiatek-18.png,K-Means,10,0.34333553988686216,11150.20977224196
kwiatek-18.png,K-Means,20,0.32725079543633084,10178.150538220692
kwiatek-18.png,K-Medoids,5,0.3823257051216919,8238.01019651433
kwiatek-18.png,K-Medoids,10,0.33811007433349216,9494.814572096668
kwiatek-18.png,K-Medoids,20,0.24938929248294195,7576.277630263219
kwiatek-19.png,K-Means,5,0.513973305919507,21782.007121444203
kwiatek-19.png,K-Means,10,0.41654796284551343,21299.762802207388
kwiatek-19.png,K-Means,20,0.3562946608087734,22984.702594608352
kwiatek-19.png,K-Medoids,5,0.4680570662735068,19593.03902100498
kwiatek-19.png,K-Medoids,10,0.37583557346418206,16702.711683753234
kwiatek-19.png,K-Medoids,20,0.2943428293331734,13020.230585630761
kwiatek-2.png,K-Means,5,0.46793266903011627,13781.976891195885
kwiatek-2.png,K-Means,10,0.44641724007365174,14148.016706135832
kwiatek-2.png,K-Means,20,0.36150851420239816,12482.21350662908
kwiatek-2.png,K-Medoids,5,0.4604367985557081,13657.409408079086
kwiatek-2.png,K-Medoids,10,0.38064023387763035,11740.711776753662
kwiatek-2.png,K-Medoids,20,0.3268889022709874,10753.249333690159
kwiatek-20.png,K-Means,5,0.45497783491311017,13691.963518096443
kwiatek-20.png,K-Means,10,0.3884868660053345,12674.69598909188
kwiatek-20.png,K-Means,20,0.35620544645435265,12815.738491597609
kwiatek-20.png,K-Medoids,5,0.3594548010074464,9321.18858203186
kwiatek-20.png,K-Medoids,10,0.3696714364251976,11457.068055687556
kwiatek-20.png,K-Medoids,20,0.3024108873824637,9905.69966584693
kwiatek-21.png,K-Means,5,0.4718268169356243,14192.839014640234
kwiatek-21.png,K-Means,10,0.36337673147804417,12324.339178957642
kwiatek-21.png,K-Means,20,0.35030244034340463,10671.789214060918
kwiatek-21.png,K-Medoids,5,0.4430530617672407,13782.376918933976
kwiatek-21.png,K-Medoids,10,0.34029549962464567,10284.791940539395
kwiatek-21.png,K-Medoids,20,0.29193131304179487,8784.106381989659
kwiatek-22.png,K-Means,5,0.5186559379907135,23468.988527667098
kwiatek-22.png,K-Means,10,0.42849461082289003,21703.7305170669
kwiatek-22.png,K-Means,20,0.329844983627399,18120.158451071864
kwiatek-22.png,K-Medoids,5,0.48429508680703603,22703.765189360565
kwiatek-22.png,K-Medoids,10,0.3051641224783114,18720.79946110697
kwiatek-22.png,K-Medoids,20,0.255772938799692,14626.101463229686
kwiatek-23.png,K-Means,5,0.4440658911461256,16669.57519125627
kwiatek-23.png,K-Means,10,0.38709531783410583,14782.104753918338
kwiatek-23.png,K-Means,20,0.3627006598126047,12848.61237026098
kwiatek-23.png,K-Medoids,5,0.3883602081782148,14894.082059013477
kwiatek-23.png,K-Medoids,10,0.3660543601565739,11088.174401830256
kwiatek-23.png,K-Medoids,20,0.31797013245287886,11674.113496665745
kwiatek-24.png,K-Means,5,0.5047582436556857,25033.682510197337
kwiatek-24.png,K-Means,10,0.399155919536736,18900.599181290476
kwiatek-24.png,K-Means,20,0.34046725973681297,16511.093727676624
kwiatek-24.png,K-Medoids,5,0.4450599949708084,17585.65999409897
kwiatek-24.png,K-Medoids,10,0.3694281833698847,16939.331113774948
kwiatek-24.png,K-Medoids,20,0.27737824925035504,13105.418633886613
kwiatek-25.png,K-Means,5,0.4267490476128354,23571.61086426716
kwiatek-25.png,K-Means,10,0.36132909247349476,19452.657225884956
kwiatek-25.png,K-Means,20,0.32137670485310293,16057.411063126385
kwiatek-25.png,K-Medoids,5,0.4031279637753098,20528.142299330917
kwiatek-25.png,K-Medoids,10,0.3358710308254055,16423.129640960884
kwiatek-25.png,K-Medoids,20,0.2768366776530407,13111.251434518674
kwiatek-26.png,K-Means,5,0.5066215363913316,20595.038361936015
kwiatek-26.png,K-Means,10,0.45739230738956477,21079.83441327484
kwiatek-26.png,K-Means,20,0.38344455825601603,20339.274254290012
kwiatek-26.png,K-Medoids,5,0.4936073325350844,19818.128949407866
kwiatek-26.png,K-Medoids,10,0.4227784590102637,18069.636043135284
kwiatek-26.png,K-Medoids,20,0.36476149585265005,16562.15334227166
kwiatek-27.png,K-Means,5,0.4081390456136697,19933.024014590384
kwiatek-27.png,K-Means,10,0.33270682199041585,15455.449811714589
kwiatek-27.png,K-Means,20,0.2833195283921478,13037.879322166677
kwiatek-27.png,K-Medoids,5,0.3685194540366337,18677.864259763177
kwiatek-27.png,K-Medoids,10,0.27872310580458737,11868.043974465527
kwiatek-27.png,K-Medoids,20,0.2327229964701619,9421.795558663249
kwiatek-28.png,K-Means,5,0.40951888022991517,10671.88189985546
kwiatek-28.png,K-Means,10,0.40135767604428424,10829.461698831445
kwiatek-28.png,K-Means,20,0.3549001403955315,9181.394093645074
kwiatek-28.png,K-Medoids,5,0.28369535028131176,4941.431676372988
kwiatek-28.png,K-Medoids,10,0.261919091177863,4694.100101783058
kwiatek-28.png,K-Medoids,20,0.3326171916807703,7645.719024933938
kwiatek-29.png,K-Means,5,0.4981033657618875,18529.24839210735
kwiatek-29.png,K-Means,10,0.4507853879652385,18219.771482362576
kwiatek-29.png,K-Means,20,0.3866448909782165,17460.031249243915
kwiatek-29.png,K-Medoids,5,0.4777763491675233,13841.239711000828
kwiatek-29.png,K-Medoids,10,0.41048761502453496,14336.52899049519
kwiatek-29.png,K-Medoids,20,0.3331047368634564,12559.436889297564
kwiatek-3.png,K-Means,5,0.5835419726399197,60670.51126973679
kwiatek-3.png,K-Means,10,0.4231391306974587,51442.6295043741
kwiatek-3.png,K-Means,20,0.4642828025277776,53720.7643822664
kwiatek-3.png,K-Medoids,5,0.448465165422573,48264.292692505594
kwiatek-3.png,K-Medoids,10,0.33909493709285027,41515.37625924458
kwiatek-3.png,K-Medoids,20,0.28488125360361194,31675.118944051083
kwiatek-30.png,K-Means,5,0.37718934432680945,8189.140039597842
kwiatek-30.png,K-Means,10,0.3362195589069834,7701.83751076097
kwiatek-30.png,K-Means,20,0.3165591512861554,6961.991583888227
kwiatek-30.png,K-Medoids,5,0.3019396357391013,6756.622423880026
kwiatek-30.png,K-Medoids,10,0.3007720551140887,6454.223378163341
kwiatek-30.png,K-Medoids,20,0.2674017607777064,5554.504950179185
kwiatek-31.png,K-Means,5,0.40819180454093457,10243.20429826406
kwiatek-31.png,K-Means,10,0.36423106774196323,8912.626068868423
kwiatek-31.png,K-Means,20,0.3178424127311996,7411.437050939747
kwiatek-31.png,K-Medoids,5,0.37277716216922646,9795.9950415249
kwiatek-31.png,K-Medoids,10,0.3148055357199261,7552.9308352864755
kwiatek-31.png,K-Medoids,20,0.2628921411098556,6341.477125187159
kwiatek-32.png,K-Means,5,0.41686203674138567,8499.036892671547
kwiatek-32.png,K-Means,10,0.4081157235865246,9226.17024830823
kwiatek-32.png,K-Means,20,0.337358874111217,7965.965024809787
kwiatek-32.png,K-Medoids,5,0.3665328007956346,5579.771379975046
kwiatek-32.png,K-Medoids,10,0.28367874008021976,4739.808230261007
kwiatek-32.png,K-Medoids,20,0.25743804749006116,4997.866660203964
kwiatek-33.png,K-Means,5,0.5243584894519971,24774.845277804092
kwiatek-33.png,K-Means,10,0.415819496998645,23195.169705125103
kwiatek-33.png,K-Means,20,0.38595958112061346,22003.44839560591
kwiatek-33.png,K-Medoids,5,0.4427080479812836,21452.988775186328
kwiatek-33.png,K-Medoids,10,0.34538223437487514,17830.24758612729
kwiatek-33.png,K-Medoids,20,0.34983055859414325,15987.675965318767
kwiatek-34.png,K-Means,5,0.552781959505344,17851.189534658482
kwiatek-34.png,K-Means,10,0.38997819099971776,13176.719785615705
kwiatek-34.png,K-Means,20,0.33202816187625084,11333.168901645247
kwiatek-34.png,K-Medoids,5,0.4669632650859482,14687.475821914233
kwiatek-34.png,K-Medoids,10,0.29935562232488866,10685.043066849508
kwiatek-34.png,K-Medoids,20,0.27339895679182974,9219.191762497023
kwiatek-35.png,K-Means,5,0.48400256223026394,41625.03555452563
kwiatek-35.png,K-Means,10,0.4244580899801072,38162.43865521178
kwiatek-35.png,K-Means,20,0.351577718208271,35270.04436093867
kwiatek-35.png,K-Medoids,5,0.5020984150451204,30581.00705405506
kwiatek-35.png,K-Medoids,10,0.3965665577285271,27655.53192706052
kwiatek-35.png,K-Medoids,20,0.32230447895940006,23496.50014503867
kwiatek-36.png,K-Means,5,0.5215403265212788,22680.15744621189
kwiatek-36.png,K-Means,10,0.42716577587956045,23638.241577519315
kwiatek-36.png,K-Means,20,0.3907832064637317,23183.872319061622
kwiatek-36.png,K-Medoids,5,0.4668868654043935,25619.8657851829
kwiatek-36.png,K-Medoids,10,0.3969903901831736,21769.18954944633
kwiatek-36.png,K-Medoids,20,0.3331513333960495,18629.822707599727
kwiatek-37.png,K-Means,5,0.5965569736494132,23673.550913570096
kwiatek-37.png,K-Means,10,0.46150552733402106,22492.83872726526
kwiatek-37.png,K-Means,20,0.42748792265894364,21640.385377832463
kwiatek-37.png,K-Medoids,5,0.5071361764313091,19298.49167101517
kwiatek-37.png,K-Medoids,10,0.4109005025368172,15687.481496208662
kwiatek-37.png,K-Medoids,20,0.35342715935146674,14242.013681071281
kwiatek-38.png,K-Means,5,0.6591670129419892,11255.732461060707
kwiatek-38.png,K-Means,10,0.35411521955430497,8937.30937567464
kwiatek-38.png,K-Means,20,0.3006962799300488,7376.677689447713
kwiatek-38.png,K-Medoids,5,0.3187865495613522,6942.488221528474
kwiatek-38.png,K-Medoids,10,0.2706122965669143,5900.241571565692
kwiatek-38.png,K-Medoids,20,0.20260497974446756,3925.90695794279
kwiatek-39.png,K-Means,5,0.4578214885544011,9502.080806800794
kwiatek-39.png,K-Means,10,0.4358570784849066,11505.933885392911
kwiatek-39.png,K-Means,20,0.43203037313268566,10733.362264037627
kwiatek-39.png,K-Medoids,5,0.4356086191692249,7016.022211993275
kwiatek-39.png,K-Medoids,10,0.4034568713923554,9262.601057590378
kwiatek-39.png,K-Medoids,20,0.38605427911137546,8281.638927795264
kwiatek-4.png,K-Means,5,0.5322892106318342,34474.806392551414
kwiatek-4.png,K-Means,10,0.4445629806392022,30569.043530183437
kwiatek-4.png,K-Means,20,0.40057989325903076,41924.8794057924
kwiatek-4.png,K-Medoids,5,0.47979374362597477,20659.081191860947
kwiatek-4.png,K-Medoids,10,0.41133302766561997,25470.109661242863
kwiatek-4.png,K-Medoids,20,0.35255232135345826,32455.389343012717
kwiatek-40.png,K-Means,5,0.4249039551848373,10138.163023524894
kwiatek-40.png,K-Means,10,0.35138579872830866,10712.38325317076
kwiatek-40.png,K-Means,20,0.33506364305905256,9711.405649059589
kwiatek-40.png,K-Medoids,5,0.3529627669561897,6872.672586462063
kwiatek-40.png,K-Medoids,10,0.27258912368947696,5013.411934596841
kwiatek-40.png,K-Medoids,20,0.22407276561786005,4498.795052761546
kwiatek-41.png,K-Means,5,0.39258554255219746,39640.685713930114
kwiatek-41.png,K-Means,10,0.3768775709783006,37702.126971356534
kwiatek-41.png,K-Means,20,0.3110233397559391,32040.879193740628
kwiatek-41.png,K-Medoids,5,0.5042569440541342,35091.16617506524
kwiatek-41.png,K-Medoids,10,0.3036906465482899,31290.16359341717
kwiatek-41.png,K-Medoids,20,0.26026407409066576,25341.97331017878
kwiatek-42.png,K-Means,5,0.39445267399194606,6772.056062315174
kwiatek-42.png,K-Means,10,0.35196311805626557,7821.805059036477
kwiatek-42.png,K-Means,20,0.2934998151146099,7028.353699790295
kwiatek-42.png,K-Medoids,5,0.30864738617789256,3300.104107935891
kwiatek-42.png,K-Medoids,10,0.2504797169972817,3463.6962503576624
kwiatek-42.png,K-Medoids,20,0.22560047857266702,4348.185880724861
kwiatek-43.png,K-Means,5,0.29350651443590425,8509.763580242461
kwiatek-43.png,K-Means,10,0.33704921141288363,8667.02715303091
kwiatek-43.png,K-Means,20,0.3334458831390692,8245.52675423618
kwiatek-43.png,K-Medoids,5,0.22527088918140858,4934.394425426871
kwiatek-43.png,K-Medoids,10,0.26205748714911,5857.992711145543
kwiatek-43.png,K-Medoids,20,0.2717188164219543,5851.606205260894
kwiatek-44.png,K-Means,5,0.4823261942762776,15063.866804603826
kwiatek-44.png,K-Means,10,0.3356034462710037,12050.494444314038
kwiatek-44.png,K-Means,20,0.3064933290638494,9371.131761793218
kwiatek-44.png,K-Medoids,5,0.3168425052808892,4744.672774694841
kwiatek-44.png,K-Medoids,10,0.2087772470054702,2715.0817928114598
kwiatek-44.png,K-Medoids,20,0.24009148992831922,5525.739490644346
kwiatek-45.png,K-Means,5,0.38087947258641724,5600.385371241262
kwiatek-45.png,K-Means,10,0.28618024203816683,5031.624496226252
kwiatek-45.png,K-Means,20,0.2662241987669514,4666.038111818142
kwiatek-45.png,K-Medoids,5,0.2583761352808568,3572.299459627289
kwiatek-45.png,K-Medoids,10,0.2004894698690923,2851.5139001758557
kwiatek-45.png,K-Medoids,20,0.2034175626047389,2694.80624655894
kwiatek-46.png,K-Means,5,0.3607394982260722,8998.330652836536
kwiatek-46.png,K-Means,10,0.3132150557383039,6931.2896965109
kwiatek-46.png,K-Means,20,0.3327109588115094,7463.931687309627
kwiatek-46.png,K-Medoids,5,0.22525144161175442,5055.128323775367
kwiatek-46.png,K-Medoids,10,0.2482266284247557,5835.666495782714
kwiatek-46.png,K-Medoids,20,0.27243538940481654,5667.631095342307
kwiatek-47.png,K-Means,5,0.40419913659826195,9740.965238941822
kwiatek-47.png,K-Means,10,0.31371931541892273,9652.17557399104
kwiatek-47.png,K-Means,20,0.2904576261160281,8202.657968472557
kwiatek-47.png,K-Medoids,5,0.29028186572103964,5742.836662203483
kwiatek-47.png,K-Medoids,10,0.21147613924781736,3679.719592518569
kwiatek-47.png,K-Medoids,20,0.21486116274872966,3541.146297301915
kwiatek-48.png,K-Means,5,0.33991100063633906,6646.013483057574
kwiatek-48.png,K-Means,10,0.29941751251435805,5957.863422001063
kwiatek-48.png,K-Means,20,0.28003285469799866,5009.254015530739
kwiatek-48.png,K-Medoids,5,0.26020274364465545,2570.0525641248
kwiatek-48.png,K-Medoids,10,0.20856355505567734,2417.2888013820893
kwiatek-48.png,K-Medoids,20,0.1974554869580712,2358.0217135205125
kwiatek-49.png,K-Means,5,0.4396373962634921,12585.28828431098
kwiatek-49.png,K-Means,10,0.3607093683233041,12197.287178625314
kwiatek-49.png,K-Means,20,0.35517144437163084,11408.62051909527
kwiatek-49.png,K-Medoids,5,0.4019028882438393,11688.417790415859
kwiatek-49.png,K-Medoids,10,0.34326460351221844,10473.349659390271
kwiatek-49.png,K-Medoids,20,0.2833324335773407,8151.1441942631445
kwiatek-5.png,K-Means,5,0.47206041511864905,11980.566171293694
kwiatek-5.png,K-Means,10,0.4014260478399656,10217.659988339472
kwiatek-5.png,K-Means,20,0.3962550407716429,10651.772918496445
kwiatek-5.png,K-Medoids,5,0.4220598040718893,10684.562660814376
kwiatek-5.png,K-Medoids,10,0.3748430499938403,9334.502186409329
kwiatek-5.png,K-Medoids,20,0.32916267743618277,7710.539045255529
kwiatek-50.png,K-Means,5,0.38167585751555294,9145.331168737364
kwiatek-50.png,K-Means,10,0.36326944222985014,8647.815120945228
kwiatek-50.png,K-Means,20,0.3578503995640544,7432.746720266485
kwiatek-50.png,K-Medoids,5,0.3336033514778757,5707.562941653085
kwiatek-50.png,K-Medoids,10,0.31542831977315633,5962.853283293084
kwiatek-50.png,K-Medoids,20,0.2766382857257041,5110.6344484443
kwiatek-51.png,K-Means,5,0.3680661562053654,12712.678754753788
kwiatek-51.png,K-Means,10,0.3354118645736412,10811.01635124674
kwiatek-51.png,K-Means,20,0.3164774845528229,8561.19194652429
kwiatek-51.png,K-Medoids,5,0.3560124660843227,7969.476814054938
kwiatek-51.png,K-Medoids,10,0.2715648061338518,7174.361609016681
kwiatek-51.png,K-Medoids,20,0.23261650179777096,6320.497875108716
kwiatek-52.png,K-Means,5,0.3720506050762697,7686.285996094906
kwiatek-52.png,K-Means,10,0.3667578960960083,8301.42333636445
kwiatek-52.png,K-Means,20,0.3188230820963889,7957.693526610028
kwiatek-52.png,K-Medoids,5,0.31261059587617057,7197.214675580557
kwiatek-52.png,K-Medoids,10,0.26238621569972376,6451.089369619296
kwiatek-52.png,K-Medoids,20,0.2745370259147193,5987.18302934206
kwiatek-53.png,K-Means,5,0.33171749557359764,8261.440962776116
kwiatek-53.png,K-Means,10,0.32043072024347863,7734.418673212776
kwiatek-53.png,K-Means,20,0.31651660212522115,7191.31130461625
kwiatek-53.png,K-Medoids,5,0.275939895730917,5282.377114407413
kwiatek-53.png,K-Medoids,10,0.23571371292278775,5023.365323424055
kwiatek-53.png,K-Medoids,20,0.23821611359857897,4760.649735738292
kwiatek-54.png,K-Means,5,0.5230063639754686,8061.4034137581475
kwiatek-54.png,K-Means,10,0.44701117180213207,9262.489466730021
kwiatek-54.png,K-Means,20,0.3720370720568336,11169.056172636681
kwiatek-54.png,K-Medoids,5,0.29058025480654714,5567.957533420974
kwiatek-54.png,K-Medoids,10,0.24012665328660138,4344.6037423176185
kwiatek-54.png,K-Medoids,20,0.23856922319586576,4043.9325285726627
kwiatek-55.png,K-Means,5,0.39114284516735925,9260.835183567124
kwiatek-55.png,K-Means,10,0.3605364872745854,9006.101586054981
kwiatek-55.png,K-Means,20,0.31056658992207,9153.464423087626
kwiatek-55.png,K-Medoids,5,0.3329796999843525,6347.25643100553
kwiatek-55.png,K-Medoids,10,0.30390581894981794,5218.4786163483805
kwiatek-55.png,K-Medoids,20,0.2428976466526845,4667.7413446568635
kwiatek-56.png,K-Means,5,0.5040850776141041,18143.770054065528
kwiatek-56.png,K-Means,10,0.3903549800585111,17001.78459208895
kwiatek-56.png,K-Means,20,0.33848116123994987,16798.22640411977
kwiatek-56.png,K-Medoids,5,0.4586941200797014,21447.584628357923
kwiatek-56.png,K-Medoids,10,0.3623233486569543,15659.159562639301
kwiatek-56.png,K-Medoids,20,0.29075367198870156,13514.188173485489
kwiatek-57.png,K-Means,5,0.42555753638924687,13623.858541831447
kwiatek-57.png,K-Means,10,0.3402998837897645,13009.996689031506
kwiatek-57.png,K-Means,20,0.3316817478874806,11448.437453184253
kwiatek-57.png,K-Medoids,5,0.2975106387424402,5783.506530723304
kwiatek-57.png,K-Medoids,10,0.258294754287935,5087.99661222605
kwiatek-57.png,K-Medoids,20,0.27410765307778934,9591.134543389942
kwiatek-58.png,K-Means,5,0.3807785971401837,13258.744298456626
kwiatek-58.png,K-Means,10,0.3529159421664944,11839.314881025164
kwiatek-58.png,K-Means,20,0.3462619688832488,11147.404371744215
kwiatek-58.png,K-Medoids,5,0.4039335749363174,10919.210217311127
kwiatek-58.png,K-Medoids,10,0.31638352141358367,10421.287517834184
kwiatek-58.png,K-Medoids,20,0.30734686444075165,9014.449358362226
kwiatek-59.png,K-Means,5,0.45673836711277865,16493.23653406276
kwiatek-59.png,K-Means,10,0.38045518588449545,13471.547133192658
kwiatek-59.png,K-Means,20,0.33585117644101536,11146.081739462867
kwiatek-59.png,K-Medoids,5,0.30206186254161516,3148.4741313224235
kwiatek-59.png,K-Medoids,10,0.329533569622953,11543.368114602237
kwiatek-59.png,K-Medoids,20,0.29594330492520643,9802.011575448798
kwiatek-6.png,K-Means,5,0.3713192193542107,8358.244022688588
kwiatek-6.png,K-Means,10,0.3554401190598498,8329.307844999723
kwiatek-6.png,K-Means,20,0.29983070506586645,6697.875220968948
kwiatek-6.png,K-Medoids,5,0.33453001925821163,7368.865719547699
kwiatek-6.png,K-Medoids,10,0.25001624748698487,5115.168319632006
kwiatek-6.png,K-Medoids,20,0.19998539249034197,3880.6979933958196
kwiatek-60.png,K-Means,5,0.5201076877590072,16991.266028301725
kwiatek-60.png,K-Means,10,0.41494707973413547,14647.23220943876
kwiatek-60.png,K-Means,20,0.3647292245721135,16243.831183281214
kwiatek-60.png,K-Medoids,5,0.5135090767763135,16956.457961953784
kwiatek-60.png,K-Medoids,10,0.39191315910299723,12606.82363632843
kwiatek-60.png,K-Medoids,20,0.31016546714357107,10282.962416385188
kwiatek-61.png,K-Means,5,0.36460626698300513,7321.030086700436
kwiatek-61.png,K-Means,10,0.3218883373671404,6093.464089785104
kwiatek-61.png,K-Means,20,0.3232821605841507,6202.428485507017
kwiatek-61.png,K-Medoids,5,0.26309064202418875,4811.560395937638
kwiatek-61.png,K-Medoids,10,0.26500063016457964,4636.983614124387
kwiatek-61.png,K-Medoids,20,0.2643654074228964,3945.347770655545
kwiatek-62.png,K-Means,5,0.34952766163480375,8461.830086480451
kwiatek-62.png,K-Means,10,0.3890247284856293,8404.07781030955
kwiatek-62.png,K-Means,20,0.3821435872623352,8623.89534441741
kwiatek-62.png,K-Medoids,5,0.35671239441887537,8048.1676113590975
kwiatek-62.png,K-Medoids,10,0.3361054611005649,6907.637401872822
kwiatek-62.png,K-Medoids,20,0.33688628787889296,7441.522924228683
kwiatek-63.png,K-Means,5,0.46334383836281373,11510.48147839799
kwiatek-63.png,K-Means,10,0.4364752061436136,14904.13619457956
kwiatek-63.png,K-Means,20,0.38800287905268827,14508.903384621464
kwiatek-63.png,K-Medoids,5,0.4239079750917104,12075.441081781904
kwiatek-63.png,K-Medoids,10,0.35780462515938344,10413.258579972038
kwiatek-63.png,K-Medoids,20,0.31874114286048005,10693.786107391981
kwiatek-64.png,K-Means,5,0.44157332738859817,16576.400069093866
kwiatek-64.png,K-Means,10,0.40873001822330124,15946.902036149597
kwiatek-64.png,K-Means,20,0.35453920145443163,14992.069075761829
kwiatek-64.png,K-Medoids,5,0.3488621312039117,9102.402361214448
kwiatek-64.png,K-Medoids,10,0.39159426207000153,16033.572652206005
kwiatek-64.png,K-Medoids,20,0.34135528925013325,13039.987410536723
kwiatek-65.png,K-Means,5,0.42201227173322103,8240.181878261335
kwiatek-65.png,K-Means,10,0.34979876554880773,9040.245543363413
kwiatek-65.png,K-Means,20,0.31398697520753205,9069.119647852243
kwiatek-65.png,K-Medoids,5,0.2805343718658392,4056.731949933135
kwiatek-65.png,K-Medoids,10,0.23564630352400387,4148.523925841696
kwiatek-65.png,K-Medoids,20,0.2590608691245534,4659.187416129693
kwiatek-66.png,K-Means,5,0.5487514724867484,14058.302018354521
kwiatek-66.png,K-Means,10,0.502463189078132,15867.295447498414
kwiatek-66.png,K-Means,20,0.48160880394556205,16398.94886713304
kwiatek-66.png,K-Medoids,5,0.4781892323309824,9243.737030006381
kwiatek-66.png,K-Medoids,10,0.47621942327374606,13406.610893332821
kwiatek-66.png,K-Medoids,20,0.43081783040877325,11288.767701456705
kwiatek-67.png,K-Means,5,0.395921438778093,10542.409836939874
kwiatek-67.png,K-Means,10,0.38066185791590457,10964.903754339062
kwiatek-67.png,K-Means,20,0.3784857783672678,11589.061348518864
kwiatek-67.png,K-Medoids,5,0.36575581385299716,9368.28903782761
kwiatek-67.png,K-Medoids,10,0.3370908720442193,9467.216979249593
kwiatek-67.png,K-Medoids,20,0.3157044357134267,9587.23495200344
kwiatek-68.png,K-Means,5,0.5979947842419664,17905.653377011673
kwiatek-68.png,K-Means,10,0.46921281138682963,19472.506822433403
kwiatek-68.png,K-Means,20,0.3640150521269967,16706.005324755337
kwiatek-68.png,K-Medoids,5,0.5209237761327055,15236.323207533027
kwiatek-68.png,K-Medoids,10,0.39293648621646626,13905.27368874293
kwiatek-68.png,K-Medoids,20,0.29501530098368206,9459.662129612405
kwiatek-69.png,K-Means,5,0.49797415867614053,22050.538669456873
kwiatek-69.png,K-Means,10,0.3767415768425272,17829.795863742555
kwiatek-69.png,K-Means,20,0.3497367596173967,16132.080917381187
kwiatek-69.png,K-Medoids,5,0.35378675240710145,13303.897104506595
kwiatek-69.png,K-Medoids,10,0.325990301934808,14142.179809890713
kwiatek-69.png,K-Medoids,20,0.2719965349989345,11045.711940586678
kwiatek-7.png,K-Means,5,0.47958905564358856,8223.804420094006
kwiatek-7.png,K-Means,10,0.4222473734471592,8916.946346485882
kwiatek-7.png,K-Means,20,0.3675659641436976,8537.979057202223
kwiatek-7.png,K-Medoids,5,0.32536364059383877,4311.330906907826
kwiatek-7.png,K-Medoids,10,0.3473562559926701,4773.9978750724695
kwiatek-7.png,K-Medoids,20,0.2820599777187688,3735.175601119068
kwiatek-70.png,K-Means,5,0.3505496349360959,8437.961412239029
kwiatek-70.png,K-Means,10,0.2805008238578521,7114.137494409585
kwiatek-70.png,K-Means,20,0.2709294889979969,6773.339039012355
kwiatek-70.png,K-Medoids,5,0.2902514888469144,7004.759073492496
kwiatek-70.png,K-Medoids,10,0.22109821586115114,5307.488854395761
kwiatek-70.png,K-Medoids,20,0.20213723986798632,4373.7398295019975
kwiatek-71.png,K-Means,5,0.364592901895166,11743.041428448865
kwiatek-71.png,K-Means,10,0.31476641949564693,10402.910955238058
kwiatek-71.png,K-Means,20,0.28926257649919984,9053.349500610053
kwiatek-71.png,K-Medoids,5,0.3401332681679856,11119.29643864196
kwiatek-71.png,K-Medoids,10,0.2714916254635223,8398.519536218086
kwiatek-71.png,K-Medoids,20,0.24048357437173057,6998.767628978497
kwiatek-72.png,K-Means,5,0.36100301350185415,20428.824916083482
kwiatek-72.png,K-Means,10,0.32765265767811436,18134.843677102603
kwiatek-72.png,K-Means,20,0.2866551957283575,15650.627659763402
kwiatek-72.png,K-Medoids,5,0.26260858809776927,10724.611552919017
kwiatek-72.png,K-Medoids,10,0.25861828576549534,8515.064362232415
kwiatek-72.png,K-Medoids,20,0.23822962456904961,7855.224515628154
kwiatek-73.png,K-Means,5,0.3975240153824144,11934.150130798338
kwiatek-73.png,K-Means,10,0.32690327399482605,11818.04238393234
kwiatek-73.png,K-Means,20,0.2694157192370672,10979.6497481676
kwiatek-73.png,K-Medoids,5,0.32546012933059226,7760.017141490974
kwiatek-73.png,K-Medoids,10,0.2792330390957671,8052.40430112789
kwiatek-73.png,K-Medoids,20,0.2284174028153489,5466.119402922149
kwiatek-74.png,K-Means,5,0.308314569218746,16529.962966925083
kwiatek-74.png,K-Means,10,0.31226548846829816,14095.67010996629
kwiatek-74.png,K-Means,20,0.29513062630285275,12329.216282137791
kwiatek-74.png,K-Medoids,5,0.2991010511817463,11395.274256705567
kwiatek-74.png,K-Medoids,10,0.2371110393448031,8783.424670793382
kwiatek-74.png,K-Medoids,20,0.2272125655227259,7912.821535954436
kwiatek-75.png,K-Means,5,0.31868848176691567,6399.071134664093
kwiatek-75.png,K-Means,10,0.29686027285179684,5608.868316956525
kwiatek-75.png,K-Means,20,0.2727662006751044,4911.308016868534
kwiatek-75.png,K-Medoids,5,0.2930406951268239,5734.5480892533105
kwiatek-75.png,K-Medoids,10,0.26692910479875076,4900.690264174584
kwiatek-75.png,K-Medoids,20,0.2148402731817906,3891.7579045275606
kwiatek-76.png,K-Means,5,0.5090369190402723,16198.549395447917
kwiatek-76.png,K-Means,10,0.3855210609004663,14685.090064860477
kwiatek-76.png,K-Means,20,0.3477881548189733,12738.695415056867
kwiatek-76.png,K-Medoids,5,0.3157897111225717,5725.769699466594
kwiatek-76.png,K-Medoids,10,0.3091365416834118,10059.684798139053
kwiatek-76.png,K-Medoids,20,0.27863350544665544,10091.74471328051
kwiatek-8.png,K-Means,5,0.5898101533511511,22509.71122680649
kwiatek-8.png,K-Means,10,0.47525278392759346,28610.225560882558
kwiatek-8.png,K-Means,20,0.4268672108843834,27755.021711488247
kwiatek-8.png,K-Medoids,5,0.5494556823045633,22498.291185866907
kwiatek-8.png,K-Medoids,10,0.4591522617002246,25439.881918651135
kwiatek-8.png,K-Medoids,20,0.36530257121907267,23028.755889326952
kwiatek-9.png,K-Means,5,0.46967052262760234,18038.366928820276
kwiatek-9.png,K-Means,10,0.4200397733838255,16778.665656129037
kwiatek-9.png,K-Means,20,0.35911843795843773,15699.187788131016
kwiatek-9.png,K-Medoids,5,0.4044231359368363,16091.328650185427
kwiatek-9.png,K-Medoids,10,0.3691426439129077,15257.52624082053
kwiatek-9.png,K-Medoids,20,0.2826840765229476,14605.599389632232
